{
  "noise_0.005": {
    "lambda_2.000000e-03": {
      "p_0.1": {
        "psnr": 23.008834838867188,
        "ssim": 0.7486955464101168
      },
      "p_0.4": {
        "psnr": 23.02370834350586,
        "ssim": 0.7506407109693792
      }
    },
    "lambda_9.000000e-02": {
      "p_0.1": {
        "psnr": 26.848793029785156,
        "ssim": 0.7788773175464285
      },
      "p_0.4": {
        "psnr": 27.121774673461914,
        "ssim": 0.7842358397479177
      }
    },
    "lambda_6.000000e-02": {
      "p_0.1": {
        "psnr": 26.318864822387695,
        "ssim": 0.777524248450179
      },
      "p_0.4": {
        "psnr": 26.775043487548828,
        "ssim": 0.789504445923521
      }
    }
  },
  "noise_0.01": {
    "lambda_2.000000e-03": {
      "p_0.1": {
        "psnr": 22.99144744873047,
        "ssim": 0.7263274309351584
      },
      "p_0.4": {
        "psnr": 22.993173599243164,
        "ssim": 0.7223517408828212
      }
    },
    "lambda_9.000000e-02": {
      "p_0.1": {
        "psnr": 26.78583526611328,
        "ssim": 0.7725281753596033
      },
      "p_0.4": {
        "psnr": 27.06361961364746,
        "ssim": 0.7787615102706789
      }
    },
    "lambda_6.000000e-02": {
      "p_0.1": {
        "psnr": 26.236907958984375,
        "ssim": 0.7672650929257047
      },
      "p_0.4": {
        "psnr": 26.71514320373535,
        "ssim": 0.782066105810134
      }
    }
  },
  "max_iteration": 150
}