{
  "noise_0.005": {
    "lambda_1.000000e-05": {
      "p_0.1": {
        "psnr": 17.420848846435547,
        "ssim": 0.574511954540039
      },
      "p_0.4": {
        "psnr": 17.41872215270996,
        "ssim": 0.5744586993225889
      }
    },
    "lambda_3.000000e-05": {
      "p_0.1": {
        "psnr": 17.42017936706543,
        "ssim": 0.5745171407893381
      },
      "p_0.4": {
        "psnr": 17.41937828063965,
        "ssim": 0.574602711741546
      }
    },
    "lambda_5.000000e-05": {
      "p_0.1": {
        "psnr": 17.419776916503906,
        "ssim": 0.5745639466092949
      },
      "p_0.4": {
        "psnr": 17.42015838623047,
        "ssim": 0.5747663203858133
      }
    }
  },
  "noise_0.01": {
    "lambda_1.000000e-05": {
      "p_0.1": {
        "psnr": 17.41586685180664,
        "ssim": 0.5700358379411656
      },
      "p_0.4": {
        "psnr": 17.4168643951416,
        "ssim": 0.5702273684453052
      }
    },
    "lambda_3.000000e-05": {
      "p_0.1": {
        "psnr": 17.418071746826172,
        "ssim": 0.5703504455763917
      },
      "p_0.4": {
        "psnr": 17.417884826660156,
        "ssim": 0.5705360079258273
      }
    },
    "lambda_5.000000e-05": {
      "p_0.1": {
        "psnr": 17.41586685180664,
        "ssim": 0.5695473926839361
      },
      "p_0.4": {
        "psnr": 17.41634750366211,
        "ssim": 0.5697970094785056
      }
    }
  }
}