{
  "noise_0.005": {
    "lambda_9.000000e-02": {
      "p_0.1": {
        "psnr": 31.063343048095703,
        "ssim": 0.8956273851187909,
        "avg": 15.979485216607246
      },
      "p_0.4": {
        "psnr": 31.324682235717773,
        "ssim": 0.893183483484934,
        "avg": 16.108932859601353
      },
      "lambda_avg": 16.0442090381043
    },
    "lambda_5.000000e-03": {
      "p_0.1": {
        "psnr": 30.317594528198242,
        "ssim": 0.8795956647674665,
        "avg": 15.598595096482855
      },
      "p_0.4": {
        "psnr": 30.544757843017578,
        "ssim": 0.8853488861129954,
        "avg": 15.715053364565287
      },
      "lambda_avg": 15.656824230524071
    },
    "lambda_4.000000e-01": {
      "p_0.1": {
        "psnr": 29.5479679107666,
        "ssim": 0.8298152967374128,
        "avg": 15.188891603752007
      },
      "p_0.4": {
        "psnr": 28.515321731567383,
        "ssim": 0.8058812483835787,
        "avg": 14.66060148997548
      },
      "lambda_avg": 14.924746546863744
    }
  },
  "noise_0.01": {
    "lambda_9.000000e-02": {
      "p_0.1": {
        "psnr": 30.881086349487305,
        "ssim": 0.8869925335491625,
        "avg": 15.884039441518233
      },
      "p_0.4": {
        "psnr": 31.19109344482422,
        "ssim": 0.888151288607318,
        "avg": 16.03962236671577
      },
      "lambda_avg": 15.961830904117
    },
    "lambda_5.000000e-03": {
      "p_0.1": {
        "psnr": 29.798282623291016,
        "ssim": 0.8262784380632341,
        "avg": 15.312280530677125
      },
      "p_0.4": {
        "psnr": 29.981613159179688,
        "ssim": 0.8280355703470559,
        "avg": 15.404824364763371
      },
      "lambda_avg": 15.358552447720248
    },
    "lambda_4.000000e-01": {
      "p_0.1": {
        "psnr": 29.523746490478516,
        "ssim": 0.8290756775542854,
        "avg": 15.1764110840164
      },
      "p_0.4": {
        "psnr": 28.528493881225586,
        "ssim": 0.8055813326718728,
        "avg": 14.66703760694873
      },
      "lambda_avg": 14.921724345482566
    }
  },
  "max_iteration": 150
}