{
  "noise_0.005": {
    "lambda_9.000000e-02": {
      "p_0.1": {
        "psnr": 26.853349685668945,
        "ssim": 0.7790026059652421,
        "avg": 13.816176145817094
      },
      "p_0.4": {
        "psnr": 27.132375717163086,
        "ssim": 0.7845491858510916,
        "avg": 13.958462451507089
      },
      "lambda_avg": 13.887319298662092
    },
    "lambda_8.000000e-02": {
      "p_0.1": {
        "psnr": 26.730802536010742,
        "ssim": 0.7787437514972773,
        "avg": 13.75477314375401
      },
      "p_0.4": {
        "psnr": 27.09238052368164,
        "ssim": 0.787244519137722,
        "avg": 13.939812521409682
      },
      "lambda_avg": 13.847292832581847
    },
    "lambda_1.000000e-03": {
      "p_0.1": {
        "psnr": 22.928882598876953,
        "ssim": 0.752254510035532,
        "avg": 11.840568554456242
      },
      "p_0.4": {
        "psnr": 22.948400497436523,
        "ssim": 0.7529886381814248,
        "avg": 11.850694567808974
      },
      "lambda_avg": 11.845631561132608
    }
  },
  "noise_0.01": {
    "lambda_9.000000e-02": {
      "p_0.1": {
        "psnr": 26.77785301208496,
        "ssim": 0.7724796021868532,
        "avg": 13.775166307135907
      },
      "p_0.4": {
        "psnr": 27.056625366210938,
        "ssim": 0.7785032653614475,
        "avg": 13.917564315786192
      },
      "lambda_avg": 13.84636531146105
    },
    "lambda_8.000000e-02": {
      "p_0.1": {
        "psnr": 26.664567947387695,
        "ssim": 0.7719674456276173,
        "avg": 13.718267696507656
      },
      "p_0.4": {
        "psnr": 27.012510299682617,
        "ssim": 0.7806230217001751,
        "avg": 13.896566660691397
      },
      "lambda_avg": 13.807417178599525
    },
    "lambda_1.000000e-03": {
      "p_0.1": {
        "psnr": 22.900802612304688,
        "ssim": 0.7313009799090138,
        "avg": 11.816051796106851
      },
      "p_0.4": {
        "psnr": 22.905818939208984,
        "ssim": 0.7306697084708023,
        "avg": 11.818244323839894
      },
      "lambda_avg": 11.817148059973373
    }
  },
  "max_iteration": 150
}