{
  "noise_0.005": {
    "lambda_1.000000e-01": {
      "p_0.1": {
        "psnr": 30.586109161376953,
        "ssim": 0.9221555809261353
      },
      "p_0.4": {
        "psnr": 30.737960815429688,
        "ssim": 0.9209742497512401
      }
    },
    "lambda_1.000000e-02": {
      "p_0.1": {
        "psnr": 25.954143524169922,
        "ssim": 0.9069421626828611
      },
      "p_0.4": {
        "psnr": 26.100753784179688,
        "ssim": 0.9089509004817977
      }
    },
    "lambda_1.000000e-03": {
      "p_0.1": {
        "psnr": 25.406150817871094,
        "ssim": 0.90079232541617
      },
      "p_0.4": {
        "psnr": 25.457725524902344,
        "ssim": 0.90270022839728
      }
    }
  },
  "noise_0.01": {
    "lambda_1.000000e-01": {
      "p_0.1": {
        "psnr": 30.397512435913086,
        "ssim": 0.9010580663803667
      },
      "p_0.4": {
        "psnr": 30.563722610473633,
        "ssim": 0.9000992861351594
      }
    },
    "lambda_1.000000e-02": {
      "p_0.1": {
        "psnr": 25.87066650390625,
        "ssim": 0.8809777132904082
      },
      "p_0.4": {
        "psnr": 26.01167869567871,
        "ssim": 0.8833722464945316
      }
    },
    "lambda_1.000000e-03": {
      "p_0.1": {
        "psnr": 25.307451248168945,
        "ssim": 0.8690751439188644
      },
      "p_0.4": {
        "psnr": 25.363006591796875,
        "ssim": 0.8739935489029512
      }
    }
  }
}