{
  "0.005": {
    "psnr": 19.806104218973857,
    "ssim": 0.5826247506421832
  },
  "0.01": {
    "psnr": 19.811463703930986,
    "ssim": 0.5907627712985912
  },
  "iteration": 1000
}