{
  "0.005": {
    "psnr": 19.7169305095362,
    "ssim": 0.5768675583212655
  },
  "0.01": {
    "psnr": 20.237304755954753,
    "ssim": 0.5909063483319392
  },
  "iteration": 1000
}