{
  "0.005": {
    "psnr": 19.698173525734678,
    "ssim": 0.5795161820224416
  },
  "0.01": {
    "psnr": 19.99812250256647,
    "ssim": 0.5871684435165511
  },
  "iteration": 1000
}